<metadata><idinfo><citation><citeinfo><origin>Office of the Minnesota Secretary of State</origin><pubdate>20220805</pubdate><title>Voting Districts, Minnesota</title><geoform>vector digital data</geoform><pubinfo><publish>Office of the Minnesota Secretary of State</publish></pubinfo><onlink>https://gisdata.mn.gov/dataset/bdry_votingdistricts</onlink></citeinfo></citation><descript><abstract>Voting precincts for the State of Minnesota for 2022 State Primary. Precincts have been updated according to changes reported by counties and municipalities after the 2022 redistricting process. It does not incorporate municipal boundary after October 13, 2020 and has not had usual topological checks done. Includes election district attributes for each precinct from the statewide voter registration system.</abstract><purpose>Geographic database of voting precincts for the State of Minnesota as of August 5, 2022.</purpose><supplinf>State of Minnesota</supplinf></descript><timeperd><timeinfo><sngdate><caldate>20220805</caldate></sngdate></timeinfo><current>Current through August 5, 2022</current></timeperd><status><progress>In work</progress><update>As needed</update></status><spdom><bounding><westbc>-97.269689</westbc><eastbc>-89.397194</eastbc><northbc>49.403805</northbc><southbc>43.435423</southbc></bounding></spdom><keywords><theme><themekt>ISO 19115 Topic Categories</themekt><themekey>boundaries, election district ,voting district, precinct, voting precinct,VTD, ward, vtds</themekey></theme><place><placekey>Minnesota,MN,USA</placekey></place></keywords><accconst>None</accconst><useconst>Office of the Minnesota Secretary of State maintains this data as accurately as possible, but cannot assure 100% accuracy. For definitive precinct lines, please contact the jurisdiction (city, township, or county for unorganized territory) in question. To check precinct and districts or find polling place for an address, use the Secretary of State's Polling Place Finder: https://pollfinder.sos.state.mn.us.</useconst><datacred>Office of the Minnesota Secretary of State, Minnesota Geospatial Information Office (MnGeo)</datacred><native>Microsoft Windows 7 Version 6.1 (Build 7601) Service Pack 1; ESRI ArcGIS 10.0.3.3600</native><browse><browsen>https://resources.gisdata.mn.gov/pub/gdrs/data/pub/us_mn_state_sos/bdry_votingdistricts/metadata/preview.jpg</browsen><browsed>Voting Precincts in Minnesota_2022</browsed></browse><ptcontac><cntinfo><cntperp><cntorg>Office of the Minnesota Secretary of State - Elections Division</cntorg><cntper>Brad Neuhauser</cntper></cntperp><cntpos>GIS Specialist</cntpos><cntaddr><addrtype>Mailling and Physical</addrtype><address>100 Rev. Dr. Martin Luther King Jr. Blvd, Room 180</address><city>Saint Paul</city><state>MN</state><postal>55155</postal></cntaddr><cntvoice>651-556-0648</cntvoice><cntfax>651-296-9073</cntfax><cntemail>brad.neuhauser@state.mn.us</cntemail></cntinfo></ptcontac></idinfo><spdoinfo><direct>Vector</direct><ptvctinf><sdtsterm><sdtstype>GT-polygon composed of chains</sdtstype><ptvctcnt>4120</ptvctcnt></sdtsterm></ptvctinf></spdoinfo><eainfo><detailed><enttyp><enttypl>vtd2022general</enttypl><enttypd>Voting Precincts</enttypd></enttyp><attr><attrlabl>FID</attrlabl><attrdef>Internal feature number.</attrdef><attrdefs>ESRI</attrdefs><attrdomv><udom>Sequential unique whole numbers that are automatically generated.</udom></attrdomv></attr><attr><attrlabl>Shape</attrlabl><attrdef>Feature geometry.</attrdef><attrdefs>ESRI</attrdefs><attrdomv><udom>Coordinates defining the features.</udom></attrdomv></attr><attr><attrlabl>VTDID</attrlabl><attrdef>Vote Tabulation District Identifier, used by U.S. Census Bureau. Concatenates State FIPS code (27), COUNTYFIPS, and PCTCODE</attrdef></attr><attr><attrlabl>PCTNAME</attrlabl><attrdef>Name given to the precinct</attrdef></attr><attr><attrlabl>PCTCODE</attrlabl><attrdef>Four digit code assigned to precinct (unique within each county)</attrdef></attr><attr><attrlabl>SHORTLABEL</attrlabl><attrdef>Abbreviated PCTNAME for labelling purposes. In most cases indicates a jurisdiction with multiple precincts</attrdef></attr><attr><attrlabl>MCDNAME</attrlabl><attrdef>Municipality (city or town) that the precinct is in. For unorganized territories, MCD name may not match the U.S. Census name and/or boundary for an MCD.</attrdef></attr><attr><attrlabl>MCDCODE</attrlabl><attrdef>Internal MCD Code for jurisdiction</attrdef></attr><attr><attrlabl>MCDFIPS</attrlabl><attrdef>Jurisdiction's FIPS code (note: some unorganized area FIPS codes may be manufactured)</attrdef></attr><attr><attrlabl>MCDGNIS</attrlabl><attrdef>Jurisdiction's Geographic Names Information System (GNIS) code</attrdef></attr><attr><attrlabl>CTU_TYPE</attrlabl><attrdef>Jurisdiction's governance</attrdef><attrdomv><edom><edomv>city</edomv></edom></attrdomv><attrdomv><edom><edomv>township</edomv></edom></attrdomv><attrdomv><edom><edomv>unorganized territory</edomv></edom></attrdomv></attr><attr><attrlabl>COUNTYNAME</attrlabl><attrdef>County Name</attrdef></attr><attr><attrlabl>COUNTYCODE</attrlabl><attrdef>County Number</attrdef><attrdomv><rdom><rdommin>1</rdommin><rdommax>87</rdommax></rdom></attrdomv></attr><attr><attrlabl>COUNTYFIPS</attrlabl><attrdef>County's FIPS code (GNIS code)</attrdef><attrdomv><rdom><rdommin>001</rdommin><rdommax>173</rdommax></rdom></attrdomv></attr><attr><attrlabl>CONGDIST</attrlabl><attrdef>U.S. Representative (Congressional) District</attrdef><attrdomv><rdom><rdommin>1</rdommin><rdommax>8</rdommax></rdom></attrdomv></attr><attr><attrlabl>MNSENDIST</attrlabl><attrdef>Minnesota Senate District</attrdef><attrdomv><rdom><rdommin>1</rdommin><rdommax>67</rdommax></rdom></attrdomv></attr><attr><attrlabl>MNLEGDIST</attrlabl><attrdef>Minnesota House District. House districts A &amp; B nest together within the corresponding Senate district</attrdef><attrdomv><rdom><rdommin>1A</rdommin><rdommax>67B</rdommax></rdom></attrdomv></attr><attr><attrlabl>CTYCOMDIST</attrlabl><attrdef>County Commissioner District. Most counties have 5. Anoka, Dakota, Hennepin, Olmsted, Ramsey, and St. Louis have 7.</attrdef><attrdomv><rdom><rdommin>1</rdommin><rdommax>7</rdommax></rdom></attrdomv></attr><attr><attrlabl>JUDDIST</attrlabl><attrdef>Judicial Districts</attrdef><attrdomv><rdom><rdommin>1</rdommin><rdommax>10</rdommax></rdom></attrdomv></attr><attr><attrlabl>SWCDIST</attrlabl><attrdef>Soil &amp; Water Conservation District Code. The supervisors are usually voted on by the entire county, except the following cases. Hennepin and Ramsey counties have each transfered these powers to the county board and disbanded the SWCD. Otter Tail (East and West) and St. Louis (North and South) Counties are split into two separate districts. In Anoka, Carver, Dakota, Renville, Scott, and Washington Counties, the 5 SWCD supervisors are all elected by supervisor district.</attrdef></attr><attr><attrlabl>SWCDIST_N</attrlabl><attrdef>Soil &amp; Water Conservation District Name</attrdef></attr><attr><attrlabl>WARD</attrlabl><attrdef>City Ward (if applicable)</attrdef></attr><attr><attrlabl>HOSPDIST</attrlabl><attrdef>Hospital District Code</attrdef></attr><attr><attrlabl>HOSPDIST_N</attrlabl><attrdef>Hospital District Name</attrdef></attr><attr><attrlabl>PARKDIST</attrlabl><attrdef>Park District code, There are only two park districts: Minneapolis and Three Rivers (Hennepin County outside of Minneapolis)</attrdef></attr><attr><attrlabl>PARKDIST_N</attrlabl><attrdef>Park District Name</attrdef></attr><attr><attrlabl>Shape_Leng</attrlabl></attr><attr><attrlabl>Shape_Area</attrlabl><attrdef>Area of feature in internal units squared.</attrdef><attrdefs>Esri</attrdefs><attrdomv><udom>Positive real numbers that are automatically generated.</udom></attrdomv></attr></detailed></eainfo><metainfo><metd>20220805</metd><metstdn>Minnesota Geographic Metadata Guidelines</metstdn><metstdv>1.2</metstdv><mettc>local time</mettc><metextns><onlink>http://www.mngeo.state.mn.us/committee/standards/mgmg/metadata.htm</onlink></metextns><metc><cntinfo><cntperp><cntorg>Office of the Minnesota Secretary of State - Elections Division</cntorg><cntper>Brad Neuhauser</cntper></cntperp><cntpos>GIS Specialist</cntpos><cntaddr><addrtype>mailing and physical</addrtype><address>100 Rev. Dr. Martin Luther King Jr. Blvd, Room 180</address><city>St. Paul</city><state>MN</state><postal>55155</postal></cntaddr><cntvoice>(651) 556-0648</cntvoice><cntfax>(651) 296-9073</cntfax><cntemail>brad.neuhauser@state.mn.us</cntemail></cntinfo></metc></metainfo><dataqual><complete> Complete statewide as of August 5, 2022</complete><posacc><horizpa><horizpar>The positional accuracy of the precinct boundaries is generally the same as the sources the precinct datasets were orignally derived from--see https://gisdata.mn.gov/dataset/bdry-mn-city-township-unorg</horizpar></horizpa><vertacc><vertaccr>Not applicable</vertaccr></vertacc></posacc><lineage><procstep><procdesc>Boundaries derived from Minnesota's City, Township, and Unorganized Territory (CTU) Boundaries dataset (2013) and U.S. Census redistricting data. Boundaries incorporate election district boundary corrections made under MS 2.91, subd. 2 and MS 204B.146, subd. 3, Chapter 92 of 2022 MN Laws and municipal boundary adjustments that were effective through October 13, 2020.</procdesc></procstep></lineage><logic>Topology checks have not been run to eliminate gaps and overlaps betweeen polygons.</logic><attracc><attraccr>Precinct and district attributes from Statewide Voter Registration System (SVRS).</attraccr></attracc></dataqual><distinfo><distliab> The Geographic Information System (GIS) Data to which this notice is attached are made available pursuant to the Minnesota Government Data Practices Act (Minnesota Statutes Chapter 13). THE GIS DATA ARE PROVIDED TO YOU AS IS AND WITHOUT ANY WARRANTY AS TO THEIR PERFORMANCE, MERCHANTABILITY, OR FITNESS FOR ANY PARTICULAR PURPOSE. The GIS Data were developed by the MN Secretary of State's Office for its own internal business purposes. This office does not represent or warrant that the GIS Data or the data documentation are error-free, complete, current, or accurate. You are responsible for any consequences resulting from your use of the GIS Data or your reliance on the GIS Data. You should consult the data documentation for this particular GIS Data to determine the limitations of the GIS Data and the precision with which the GIS Data may depict distance, direction, location, or other geographic features. If you transmit or provide the GIS Data (or any portion of it) to another user, the GIS Data must include a copy of this disclaimer. </distliab><stdorder><ordering>This data set is distributed via the Minnesota Geospatial Commons and is accessible via the online linkage below.</ordering></stdorder><resdesc>Voting Districts, Minnesota</resdesc><distrib><cntinfo><cntperp><cntorg>Office of the Minnesota Secretary of State - Elections Division</cntorg><cntper>Brad Neuhauser</cntper></cntperp><cntpos>GIS Specialist</cntpos><cntaddr><addrtype>mailing and physical</addrtype><address>100 Rev. Dr. Martin Luther King Jr. Blvd, Room 180</address><city>Saint Paul</city><state>MN</state><postal>55155</postal></cntaddr><cntvoice>651-556-0648</cntvoice><cntfax>651-296-9073</cntfax><cntemail>brad.neuhauser@state.mn.us</cntemail></cntinfo></distrib></distinfo><spref><vertdef><altsys><altdatum>not applicable</altdatum></altsys><depthsys><depthdn>not applicable</depthdn></depthsys></vertdef><horizsys><planar><gridsys><gridsysn>Universal Transverse Mercator</gridsysn><utm><utmzone>15</utmzone></utm></gridsys><planci><plandu>meters</plandu></planci></planar><geodetic><horizdn>NAD83</horizdn><ellips>GRS80</ellips></geodetic></horizsys></spref></metadata>